link,title
https://sfbay.craigslist.org/sfc/npo/d/on-call-residential-counselor/6458923241.html,On-Call Residential Counselor - Shelter Program
https://sfbay.craigslist.org/sfc/npo/d/intake-specialist-bilingual/6458922363.html,Intake Specialist (Bilingual Spanish Preferred)
https://sfbay.craigslist.org/sfc/npo/d/shift-coordinator-swing-shift/6458921112.html,Shift Coordinator - Swing Shift
https://sfbay.craigslist.org/sfc/npo/d/housing-navigation-specialist/6458918546.html,Housing Navigation Specialist
https://sfbay.craigslist.org/sfc/npo/d/housing-stability-specialist/6458917961.html,Housing Stability Specialist - Heading Home
https://sfbay.craigslist.org/sfc/npo/d/housing-stability-coordinator/6458917422.html,Housing Stability Coordinator
https://sfbay.craigslist.org/sfc/npo/d/director-of-physical-resources/6458917044.html,Director of Physical Resources
https://sfbay.craigslist.org/sfc/npo/d/operations-manager/6458916581.html,Operations Manager
https://sfbay.craigslist.org/sfc/npo/d/case-manager-for-san/6457800692.html,Case Manager for San Francisco Nonprofit
https://sfbay.craigslist.org/sfc/npo/d/bilingual-school-clinician/6457779136.html,Bilingual School Clinician
https://sfbay.craigslist.org/sfc/npo/d/manager-programs-and/6457764030.html,"Manager, Programs and Communications"
https://sfbay.craigslist.org/sfc/npo/d/construction-manager/6457751105.html,Construction Manager - Affordable Housing
https://sfbay.craigslist.org/sfc/npo/d/certified-sud-counselor-50k/6457746141.html,"Certified SUD Counselor, 50k"
https://sfbay.craigslist.org/sfc/npo/d/counselor-job-coach/6457722153.html,COUNSELOR/JOB COACH- Developmentally Disabled Adults
https://sfbay.craigslist.org/sfc/npo/d/community-engagement/6457687838.html,Community Engagement Specialist
https://sfbay.craigslist.org/sfc/npo/d/supervising-resource-developer/6457686978.html,Supervising Resource Developer
https://sfbay.craigslist.org/sfc/npo/d/community-program-developer/6457679773.html,Community Program Developer
https://sfbay.craigslist.org/sfc/npo/d/pes-pantry-enrollment-system/6457668298.html,PES (Pantry Enrollment System) Associate (Bi-Lingual Cantonese)
https://sfbay.craigslist.org/sfc/npo/d/new-certified-sud-counselor/6457662629.html,"**NEW Certified SUD Counselor, 50K- Coed Dual Diagnosis Residential"
https://sfbay.craigslist.org/sfc/npo/d/new-certified-sud-counselor/6457659405.html,"**NEW Certified SUD Counselor, 50K- Men's Residential"
https://sfbay.craigslist.org/sfc/npo/d/want-to-lead-data-evaluation/6457640299.html,Want to lead a Data/Evaluation team to address child abuse?
https://sfbay.craigslist.org/sfc/npo/d/seeking-bi-lingual-clinical/6457635128.html,Seeking a  Bi-Lingual Clinical Care Coordinator
https://sfbay.craigslist.org/sfc/npo/d/mhrs-counselor-90-day/6457634197.html,MHRS Counselor - 90 day Resident Treatment Program- Seniors Program
https://sfbay.craigslist.org/sfc/npo/d/assistant-director-progress/6457630449.html,Assistant Director - Progress Foundation La Posada (bilingual Spanish)
https://sfbay.craigslist.org/sfc/npo/d/seeking-bi-lingual-clinical/6457628587.html,Seeking a Bi-Lingual Clinical Fellow
https://sfbay.craigslist.org/sfc/npo/d/per-diem-clinical-counselor/6457622344.html,Per Diem Clinical Counselor
https://sfbay.craigslist.org/sfc/npo/d/nurse-practitioner-per-diem/6457619892.html,Nurse Practitioner Per Diem- Dore Clinic
https://sfbay.craigslist.org/sfc/npo/d/program-director-dore-urgent/6457609866.html,Program Director- Dore Urgent Care Clinic
https://sfbay.craigslist.org/sfc/npo/d/assistant-director-dore/6457608137.html,Assistant Director - Dore Urgent care Clinic
https://sfbay.craigslist.org/sfc/npo/d/program-clerk-dore-residence/6457597727.html,Program Clerk - Dore Residence/ Dore Clinic (30 hours full benefits)
https://sfbay.craigslist.org/sfc/npo/d/program-psychiatrist-per-diem/6457596392.html,Program Psychiatrist - Per Diem
https://sfbay.craigslist.org/sfc/npo/d/program-director-avenues/6457593394.html,Program Director - Avenues Program
https://sfbay.craigslist.org/sfc/npo/d/assistant-director-ashbury/6457592064.html,Assistant Director Ashbury
https://sfbay.craigslist.org/sfc/npo/d/counselor-all-sf-program/6457589372.html,Counselor- All SF Program
https://sfbay.craigslist.org/sfc/npo/d/call-center-manager-hafc/6457490460.html,Call Center Manager - HAFC
https://sfbay.craigslist.org/sfc/npo/d/relief-case-managers-part/6457474368.html,Relief Case Managers (Part-Time) at Conard House
https://sfbay.craigslist.org/sfc/npo/d/substance-use-counselor-aahc/6457451526.html,Substance Use Counselor - AAHC
https://sfbay.craigslist.org/sfc/npo/d/tides-senior-strategic-advisor/6457424637.html,Tides: Senior Strategic Advisor
https://sfbay.craigslist.org/sfc/npo/d/director-of-property/6457383916.html,Director of Property Management
https://sfbay.craigslist.org/sfc/npo/d/associate-director-of/6457383239.html,Associate Director of Property Management (Regional Manager)
https://sfbay.craigslist.org/sfc/npo/d/housing-counselor-drop-in/6457382643.html,Housing Counselor - (Drop-In Center)
https://sfbay.craigslist.org/sfc/npo/d/support-service-manager/6457382115.html,Support Service Manager
https://sfbay.craigslist.org/sfc/npo/d/administrative-associates/6457381757.html,Administrative Associates!
https://sfbay.craigslist.org/sfc/npo/d/case-manager-2018-f/6457380235.html,Case Manager ($20.18 M-F)
https://sfbay.craigslist.org/sfc/npo/d/field-interviewer-gss-san/6457368571.html,"Field Interviewer - GSS San Francisco, CA"
https://sfbay.craigslist.org/sfc/npo/d/african-language-consultant/6457219275.html,African Language Consultant - GREENLIGHT Project
https://sfbay.craigslist.org/sfc/npo/d/program-director-ii-community/6457130089.html,"Program Director II, Community Services - South"
https://sfbay.craigslist.org/sfc/npo/d/senior-case-manager-community/6457128259.html,"Senior Case Manager I, Community Services Program - South"
https://sfbay.craigslist.org/sfc/npo/d/were-hiring-paid-training-aba/6457100562.html,WE'RE HIRING!! - Paid Training - ABA Behavior Therapy
https://sfbay.craigslist.org/sfc/npo/d/grants-officer/6457093798.html,Grants Officer
https://sfbay.craigslist.org/sfc/npo/d/vocational-skills-instructor/6457081674.html,VOCATIONAL SKILLS INSTRUCTOR - Developmentally Disabled Adults
https://sfbay.craigslist.org/sfc/npo/d/counselor-job-coach/6457080598.html,COUNSELOR/JOB COACH- Developmentally Disabled Adults
https://sfbay.craigslist.org/sfc/npo/d/were-hiring-paid-training-aba/6457080519.html,WE'RE HIRING!! - Paid Training - ABA Behavior Therapy
https://sfbay.craigslist.org/sfc/npo/d/were-hiring-paid-training-aba/6457079751.html,WE'RE HIRING!! - Paid Training - ABA Behavior Therapy
https://sfbay.craigslist.org/sfc/npo/d/work-for-amnesty/6457072449.html,* ðŸ•¯ WORK for AMNESTY INTERNATIONAL! ðŸ•¯ * (Oakland)
https://sfbay.craigslist.org/sfc/npo/d/killing-my-lobster-theater/6457072075.html,Killing My Lobster Theater - Executive Director
https://sfbay.craigslist.org/sfc/npo/d/adult-learning-specialist/6457058439.html,Adult Learning Specialist
https://sfbay.craigslist.org/sfc/npo/d/wellness-counselor-womens/6456563228.html,Wellness Counselor - Women's Addiction Recovery Program
https://sfbay.craigslist.org/sfc/npo/d/addiction-recovery/6456562709.html,Addiction Recovery Residential Counselor
https://sfbay.craigslist.org/sfc/npo/d/intake-clinician-case-manager/6456562190.html,Intake Clinician/Case Manager
https://sfbay.craigslist.org/sfc/npo/d/lcsw-at-lyon-martin-clinic/6456548812.html,LCSW at Lyon Martin Clinic
https://sfbay.craigslist.org/sfc/npo/d/family-success-coach/6456508072.html,Family Success Coach
https://sfbay.craigslist.org/sfc/npo/d/substance-use-disorders/6456504793.html,Substance Use Disorders Program Counselor
https://sfbay.craigslist.org/sfc/npo/d/development-communication/6456412932.html,Development/Communication Coordinator
https://sfbay.craigslist.org/sfc/npo/d/grant-writer/6456403710.html,Grant Writer
https://sfbay.craigslist.org/sfc/npo/d/nbc-beacon-program-leader/6456331259.html,NBC Beacon Program Leader
https://sfbay.craigslist.org/sfc/npo/d/relocation-specialist/6456323550.html,Relocation Specialist (Temporary)
https://sfbay.craigslist.org/sfc/npo/d/development-officer/6456298080.html,Development Officer
https://sfbay.craigslist.org/sfc/npo/d/policy-analyst-staff-attorney/6456276734.html,Policy Analyst/Staff Attorney
https://sfbay.craigslist.org/sfc/npo/d/case-manager-safe-haven/6456256851.html,Case Manager - Safe Haven
https://sfbay.craigslist.org/sfc/npo/d/administrative-assistant-the/6456222570.html,"Administrative Assistant, The Goldman Environmental Foundation"
https://sfbay.craigslist.org/sfc/npo/d/director-of-development/6456178020.html,Director of Development & Communications
https://sfbay.craigslist.org/sfc/npo/d/work-for-amnesty/6456107957.html,* ðŸ•¯ WORK for AMNESTY INTERNATIONAL! ðŸ•¯ * (Oakland)
https://sfbay.craigslist.org/sfc/npo/d/community-canvasser-san/6456101950.html,Community Canvasser - San Francisco
https://sfbay.craigslist.org/sfc/npo/d/program-associate/6456056079.html,Program Associate
https://sfbay.craigslist.org/sfc/npo/d/executive-assistant/6455972362.html,Executive Assistant
https://sfbay.craigslist.org/sfc/npo/d/counselor-job-coach/6455946918.html,COUNSELOR/JOB COACH- Developmentally Disabled Adults
https://sfbay.craigslist.org/sfc/npo/d/vocational-skills-instructor/6455945914.html,VOCATIONAL SKILLS INSTRUCTOR - Developmentally Disabled Adults
https://sfbay.craigslist.org/sfc/npo/d/become-certified-bilingual/6455656481.html,Become a Certified Bilingual Teacher in San Francisco. Apply by 2/19!
https://sfbay.craigslist.org/sfc/npo/d/become-certified-teacher-in/6455655923.html,Become a Certified Teacher in San Francisco. Apply by 2/19!
https://sfbay.craigslist.org/sfc/npo/d/center-coordinator-bilingual/6455285643.html,Center Coordinator (Bilingual in Chinese and English)
https://sfbay.craigslist.org/sfc/npo/d/operations-administrative-and/6455278598.html,"Operations, Administrative, and Database Coordinator"
https://sfbay.craigslist.org/sfc/npo/d/general-dentist-1563-mission/6455273472.html,General Dentist - 1563 Mission
https://sfbay.craigslist.org/sfc/npo/d/therapist-1563-outpatient/6455212573.html,Therapist - 1563 Outpatient
https://sfbay.craigslist.org/sfc/npo/d/social-worker-ombudsman/6455197395.html,Social Worker Ombudsman  Cantonese Outreach - Cantonese Speaking
https://sfbay.craigslist.org/sfc/npo/d/major-gifts-coordinator/6455184450.html,Major Gifts Coordinator
https://sfbay.craigslist.org/sfc/npo/d/community-outreach-manager/6455168613.html,Community Outreach Manager
https://sfbay.craigslist.org/sfc/npo/d/tides-business-process/6455144698.html,Tides: Business Process Administrator
https://sfbay.craigslist.org/sfc/npo/d/senior-general-manager-civic/6455058866.html,Senior General Manager- Civic Center Residence
https://sfbay.craigslist.org/sfc/npo/d/administrative-assistant/6455057970.html,Administrative Assistant /Secretary
https://sfbay.craigslist.org/sfc/npo/d/general-manager-willie-kennedy/6455054729.html,General Manager- Willie B Kennedy
https://sfbay.craigslist.org/sfc/npo/d/substance-use-counselor-iii/6455006546.html,Substance Use Counselor III - 1563 Outpatient
https://sfbay.craigslist.org/sfc/npo/d/program-enrollment-specialist/6454983182.html,Program Enrollment Specialist
https://sfbay.craigslist.org/sfc/npo/d/sud-counselor-peer-support/6454939098.html,SUD I Counselor/Peer Support Specialist - 1563 Outpatient
https://sfbay.craigslist.org/sfc/npo/d/principal-giving-associate/6454932532.html,PRINCIPAL GIVING ASSOCIATE
https://sfbay.craigslist.org/sfc/npo/d/tides-program-assistant/6454911461.html,Tides: Program Assistant
https://sfbay.craigslist.org/sfc/npo/d/river-policy-director-south/6454909419.html,River Policy Director -- South Yuba River Citizens League
https://sfbay.craigslist.org/sfc/npo/d/substance-use-counselor-ii/6454884935.html,Substance Use Counselor II
https://sfbay.craigslist.org/sfc/npo/d/work-for-amnesty/6454813507.html,* ðŸ•¯ WORK for AMNESTY INTERNATIONAL! ðŸ•¯ * (Oakland)
https://sfbay.craigslist.org/sfc/npo/d/customer-relations-specialist/6454756684.html,Customer Relations Specialist
https://sfbay.craigslist.org/sfc/npo/d/marketing-director-visual/6454718711.html,Marketing Director - Visual Media Alliance
https://sfbay.craigslist.org/sfc/npo/d/roving-senior-general-manager/6454045551.html,Roving Senior General Manager
https://sfbay.craigslist.org/sfc/npo/d/senior-general-manager-maria/6454044607.html,Senior General Manager- Maria Manor/BVT
https://sfbay.craigslist.org/sfc/npo/d/general-manager-klimm-sierra/6454043701.html,General Manager- Klimm/Sierra Madre
https://sfbay.craigslist.org/sfc/npo/d/youth-services-coordinator/6454027456.html,Youth Services Coordinator (Tenderloin Family Housing)
https://sfbay.craigslist.org/sfc/npo/d/hiv-care-navigator-gtz-san/6453972621.html,HIV Care Navigator - GTZ  ( San Francisco)
https://sfbay.craigslist.org/sfc/npo/d/development-director/6453951127.html,"Development Director Opportunity,  Stone Research Foundation"
https://sfbay.craigslist.org/sfc/npo/d/contact-specialist-gtz/6453832813.html,Contact Specialist - GTZ
https://sfbay.craigslist.org/sfc/npo/d/assistant-research/6453812599.html,Assistant Research Coordinator - SURU
https://sfbay.craigslist.org/sfc/npo/d/mental-health-therapist-lpha/6453785428.html,Mental Health Therapist/LPHA
https://sfbay.craigslist.org/sfc/npo/d/clinical-supervisor/6453645673.html,Clinical Supervisor
https://sfbay.craigslist.org/sfc/npo/d/communications-advocate/6453626350.html,Communications Advocate
https://sfbay.craigslist.org/sfc/npo/d/development-manager/6453620566.html,Development Manager
https://sfbay.craigslist.org/sfc/npo/d/immigrant-rights-program/6453618023.html,Immigrant Rights Program Manager
https://sfbay.craigslist.org/sfc/npo/d/caa-logo-branding-redesign/6453611757.html,CAA Logo Branding Redesign for 50th Anniversary Milestone
https://sfbay.craigslist.org/sfc/npo/d/community-office-case-manager/6453590576.html,Community Office Case Manager
https://sfbay.craigslist.org/sfc/npo/d/childrens-case-manager/6453583016.html,Children's Case Manager
https://sfbay.craigslist.org/sfc/npo/d/evening-weekend-case-manager/6453577634.html,Evening/weekend Case Manager
https://sfbay.craigslist.org/sfc/npo/d/case-manager-spanish-speaking/6453573430.html,Case Manager - Spanish speaking preferred.
https://sfbay.craigslist.org/sfc/npo/d/work-for-amnesty/6453571206.html,* ðŸ•¯ WORK for AMNESTY INTERNATIONAL! ðŸ•¯ * (Oakland)
link,title
https://sfbay.craigslist.org/sfc/npo/d/on-call-residential-counselor/6458923241.html,On-Call Residential Counselor - Shelter Program
https://sfbay.craigslist.org/sfc/npo/d/intake-specialist-bilingual/6458922363.html,Intake Specialist (Bilingual Spanish Preferred)
https://sfbay.craigslist.org/sfc/npo/d/shift-coordinator-swing-shift/6458921112.html,Shift Coordinator - Swing Shift
https://sfbay.craigslist.org/sfc/npo/d/housing-navigation-specialist/6458918546.html,Housing Navigation Specialist
https://sfbay.craigslist.org/sfc/npo/d/housing-stability-specialist/6458917961.html,Housing Stability Specialist - Heading Home
https://sfbay.craigslist.org/sfc/npo/d/housing-stability-coordinator/6458917422.html,Housing Stability Coordinator
https://sfbay.craigslist.org/sfc/npo/d/director-of-physical-resources/6458917044.html,Director of Physical Resources
https://sfbay.craigslist.org/sfc/npo/d/operations-manager/6458916581.html,Operations Manager
https://sfbay.craigslist.org/sfc/npo/d/case-manager-for-san/6457800692.html,Case Manager for San Francisco Nonprofit
https://sfbay.craigslist.org/sfc/npo/d/bilingual-school-clinician/6457779136.html,Bilingual School Clinician
https://sfbay.craigslist.org/sfc/npo/d/manager-programs-and/6457764030.html,"Manager, Programs and Communications"
https://sfbay.craigslist.org/sfc/npo/d/construction-manager/6457751105.html,Construction Manager - Affordable Housing
https://sfbay.craigslist.org/sfc/npo/d/certified-sud-counselor-50k/6457746141.html,"Certified SUD Counselor, 50k"
https://sfbay.craigslist.org/sfc/npo/d/counselor-job-coach/6457722153.html,COUNSELOR/JOB COACH- Developmentally Disabled Adults
https://sfbay.craigslist.org/sfc/npo/d/community-engagement/6457687838.html,Community Engagement Specialist
https://sfbay.craigslist.org/sfc/npo/d/supervising-resource-developer/6457686978.html,Supervising Resource Developer
https://sfbay.craigslist.org/sfc/npo/d/community-program-developer/6457679773.html,Community Program Developer
https://sfbay.craigslist.org/sfc/npo/d/pes-pantry-enrollment-system/6457668298.html,PES (Pantry Enrollment System) Associate (Bi-Lingual Cantonese)
https://sfbay.craigslist.org/sfc/npo/d/new-certified-sud-counselor/6457662629.html,"**NEW Certified SUD Counselor, 50K- Coed Dual Diagnosis Residential"
https://sfbay.craigslist.org/sfc/npo/d/new-certified-sud-counselor/6457659405.html,"**NEW Certified SUD Counselor, 50K- Men's Residential"
https://sfbay.craigslist.org/sfc/npo/d/want-to-lead-data-evaluation/6457640299.html,Want to lead a Data/Evaluation team to address child abuse?
https://sfbay.craigslist.org/sfc/npo/d/seeking-bi-lingual-clinical/6457635128.html,Seeking a  Bi-Lingual Clinical Care Coordinator
https://sfbay.craigslist.org/sfc/npo/d/mhrs-counselor-90-day/6457634197.html,MHRS Counselor - 90 day Resident Treatment Program- Seniors Program
https://sfbay.craigslist.org/sfc/npo/d/assistant-director-progress/6457630449.html,Assistant Director - Progress Foundation La Posada (bilingual Spanish)
https://sfbay.craigslist.org/sfc/npo/d/seeking-bi-lingual-clinical/6457628587.html,Seeking a Bi-Lingual Clinical Fellow
https://sfbay.craigslist.org/sfc/npo/d/per-diem-clinical-counselor/6457622344.html,Per Diem Clinical Counselor
https://sfbay.craigslist.org/sfc/npo/d/nurse-practitioner-per-diem/6457619892.html,Nurse Practitioner Per Diem- Dore Clinic
https://sfbay.craigslist.org/sfc/npo/d/program-director-dore-urgent/6457609866.html,Program Director- Dore Urgent Care Clinic
https://sfbay.craigslist.org/sfc/npo/d/assistant-director-dore/6457608137.html,Assistant Director - Dore Urgent care Clinic
https://sfbay.craigslist.org/sfc/npo/d/program-clerk-dore-residence/6457597727.html,Program Clerk - Dore Residence/ Dore Clinic (30 hours full benefits)
https://sfbay.craigslist.org/sfc/npo/d/program-psychiatrist-per-diem/6457596392.html,Program Psychiatrist - Per Diem
https://sfbay.craigslist.org/sfc/npo/d/program-director-avenues/6457593394.html,Program Director - Avenues Program
https://sfbay.craigslist.org/sfc/npo/d/assistant-director-ashbury/6457592064.html,Assistant Director Ashbury
https://sfbay.craigslist.org/sfc/npo/d/counselor-all-sf-program/6457589372.html,Counselor- All SF Program
https://sfbay.craigslist.org/sfc/npo/d/call-center-manager-hafc/6457490460.html,Call Center Manager - HAFC
https://sfbay.craigslist.org/sfc/npo/d/relief-case-managers-part/6457474368.html,Relief Case Managers (Part-Time) at Conard House
https://sfbay.craigslist.org/sfc/npo/d/substance-use-counselor-aahc/6457451526.html,Substance Use Counselor - AAHC
https://sfbay.craigslist.org/sfc/npo/d/tides-senior-strategic-advisor/6457424637.html,Tides: Senior Strategic Advisor
https://sfbay.craigslist.org/sfc/npo/d/director-of-property/6457383916.html,Director of Property Management
https://sfbay.craigslist.org/sfc/npo/d/associate-director-of/6457383239.html,Associate Director of Property Management (Regional Manager)
https://sfbay.craigslist.org/sfc/npo/d/housing-counselor-drop-in/6457382643.html,Housing Counselor - (Drop-In Center)
https://sfbay.craigslist.org/sfc/npo/d/support-service-manager/6457382115.html,Support Service Manager
https://sfbay.craigslist.org/sfc/npo/d/administrative-associates/6457381757.html,Administrative Associates!
https://sfbay.craigslist.org/sfc/npo/d/case-manager-2018-f/6457380235.html,Case Manager ($20.18 M-F)
https://sfbay.craigslist.org/sfc/npo/d/field-interviewer-gss-san/6457368571.html,"Field Interviewer - GSS San Francisco, CA"
https://sfbay.craigslist.org/sfc/npo/d/african-language-consultant/6457219275.html,African Language Consultant - GREENLIGHT Project
https://sfbay.craigslist.org/sfc/npo/d/program-director-ii-community/6457130089.html,"Program Director II, Community Services - South"
https://sfbay.craigslist.org/sfc/npo/d/senior-case-manager-community/6457128259.html,"Senior Case Manager I, Community Services Program - South"
https://sfbay.craigslist.org/sfc/npo/d/were-hiring-paid-training-aba/6457100562.html,WE'RE HIRING!! - Paid Training - ABA Behavior Therapy
https://sfbay.craigslist.org/sfc/npo/d/grants-officer/6457093798.html,Grants Officer
https://sfbay.craigslist.org/sfc/npo/d/vocational-skills-instructor/6457081674.html,VOCATIONAL SKILLS INSTRUCTOR - Developmentally Disabled Adults
https://sfbay.craigslist.org/sfc/npo/d/counselor-job-coach/6457080598.html,COUNSELOR/JOB COACH- Developmentally Disabled Adults
https://sfbay.craigslist.org/sfc/npo/d/were-hiring-paid-training-aba/6457080519.html,WE'RE HIRING!! - Paid Training - ABA Behavior Therapy
https://sfbay.craigslist.org/sfc/npo/d/were-hiring-paid-training-aba/6457079751.html,WE'RE HIRING!! - Paid Training - ABA Behavior Therapy
https://sfbay.craigslist.org/sfc/npo/d/work-for-amnesty/6457072449.html,* ðŸ•¯ WORK for AMNESTY INTERNATIONAL! ðŸ•¯ * (Oakland)
https://sfbay.craigslist.org/sfc/npo/d/killing-my-lobster-theater/6457072075.html,Killing My Lobster Theater - Executive Director
https://sfbay.craigslist.org/sfc/npo/d/adult-learning-specialist/6457058439.html,Adult Learning Specialist
https://sfbay.craigslist.org/sfc/npo/d/wellness-counselor-womens/6456563228.html,Wellness Counselor - Women's Addiction Recovery Program
https://sfbay.craigslist.org/sfc/npo/d/addiction-recovery/6456562709.html,Addiction Recovery Residential Counselor
https://sfbay.craigslist.org/sfc/npo/d/intake-clinician-case-manager/6456562190.html,Intake Clinician/Case Manager
https://sfbay.craigslist.org/sfc/npo/d/lcsw-at-lyon-martin-clinic/6456548812.html,LCSW at Lyon Martin Clinic
https://sfbay.craigslist.org/sfc/npo/d/family-success-coach/6456508072.html,Family Success Coach
https://sfbay.craigslist.org/sfc/npo/d/substance-use-disorders/6456504793.html,Substance Use Disorders Program Counselor
https://sfbay.craigslist.org/sfc/npo/d/development-communication/6456412932.html,Development/Communication Coordinator
https://sfbay.craigslist.org/sfc/npo/d/grant-writer/6456403710.html,Grant Writer
https://sfbay.craigslist.org/sfc/npo/d/nbc-beacon-program-leader/6456331259.html,NBC Beacon Program Leader
https://sfbay.craigslist.org/sfc/npo/d/relocation-specialist/6456323550.html,Relocation Specialist (Temporary)
https://sfbay.craigslist.org/sfc/npo/d/development-officer/6456298080.html,Development Officer
https://sfbay.craigslist.org/sfc/npo/d/policy-analyst-staff-attorney/6456276734.html,Policy Analyst/Staff Attorney
https://sfbay.craigslist.org/sfc/npo/d/case-manager-safe-haven/6456256851.html,Case Manager - Safe Haven
https://sfbay.craigslist.org/sfc/npo/d/administrative-assistant-the/6456222570.html,"Administrative Assistant, The Goldman Environmental Foundation"
https://sfbay.craigslist.org/sfc/npo/d/director-of-development/6456178020.html,Director of Development & Communications
https://sfbay.craigslist.org/sfc/npo/d/work-for-amnesty/6456107957.html,* ðŸ•¯ WORK for AMNESTY INTERNATIONAL! ðŸ•¯ * (Oakland)
https://sfbay.craigslist.org/sfc/npo/d/community-canvasser-san/6456101950.html,Community Canvasser - San Francisco
https://sfbay.craigslist.org/sfc/npo/d/program-associate/6456056079.html,Program Associate
https://sfbay.craigslist.org/sfc/npo/d/executive-assistant/6455972362.html,Executive Assistant
https://sfbay.craigslist.org/sfc/npo/d/counselor-job-coach/6455946918.html,COUNSELOR/JOB COACH- Developmentally Disabled Adults
https://sfbay.craigslist.org/sfc/npo/d/vocational-skills-instructor/6455945914.html,VOCATIONAL SKILLS INSTRUCTOR - Developmentally Disabled Adults
https://sfbay.craigslist.org/sfc/npo/d/become-certified-bilingual/6455656481.html,Become a Certified Bilingual Teacher in San Francisco. Apply by 2/19!
https://sfbay.craigslist.org/sfc/npo/d/become-certified-teacher-in/6455655923.html,Become a Certified Teacher in San Francisco. Apply by 2/19!
https://sfbay.craigslist.org/sfc/npo/d/center-coordinator-bilingual/6455285643.html,Center Coordinator (Bilingual in Chinese and English)
https://sfbay.craigslist.org/sfc/npo/d/operations-administrative-and/6455278598.html,"Operations, Administrative, and Database Coordinator"
https://sfbay.craigslist.org/sfc/npo/d/general-dentist-1563-mission/6455273472.html,General Dentist - 1563 Mission
https://sfbay.craigslist.org/sfc/npo/d/therapist-1563-outpatient/6455212573.html,Therapist - 1563 Outpatient
https://sfbay.craigslist.org/sfc/npo/d/social-worker-ombudsman/6455197395.html,Social Worker Ombudsman  Cantonese Outreach - Cantonese Speaking
https://sfbay.craigslist.org/sfc/npo/d/major-gifts-coordinator/6455184450.html,Major Gifts Coordinator
https://sfbay.craigslist.org/sfc/npo/d/community-outreach-manager/6455168613.html,Community Outreach Manager
https://sfbay.craigslist.org/sfc/npo/d/tides-business-process/6455144698.html,Tides: Business Process Administrator
https://sfbay.craigslist.org/sfc/npo/d/senior-general-manager-civic/6455058866.html,Senior General Manager- Civic Center Residence
https://sfbay.craigslist.org/sfc/npo/d/administrative-assistant/6455057970.html,Administrative Assistant /Secretary
https://sfbay.craigslist.org/sfc/npo/d/general-manager-willie-kennedy/6455054729.html,General Manager- Willie B Kennedy
https://sfbay.craigslist.org/sfc/npo/d/substance-use-counselor-iii/6455006546.html,Substance Use Counselor III - 1563 Outpatient
https://sfbay.craigslist.org/sfc/npo/d/program-enrollment-specialist/6454983182.html,Program Enrollment Specialist
https://sfbay.craigslist.org/sfc/npo/d/sud-counselor-peer-support/6454939098.html,SUD I Counselor/Peer Support Specialist - 1563 Outpatient
https://sfbay.craigslist.org/sfc/npo/d/principal-giving-associate/6454932532.html,PRINCIPAL GIVING ASSOCIATE
https://sfbay.craigslist.org/sfc/npo/d/tides-program-assistant/6454911461.html,Tides: Program Assistant
https://sfbay.craigslist.org/sfc/npo/d/river-policy-director-south/6454909419.html,River Policy Director -- South Yuba River Citizens League
https://sfbay.craigslist.org/sfc/npo/d/substance-use-counselor-ii/6454884935.html,Substance Use Counselor II
https://sfbay.craigslist.org/sfc/npo/d/work-for-amnesty/6454813507.html,* ðŸ•¯ WORK for AMNESTY INTERNATIONAL! ðŸ•¯ * (Oakland)
https://sfbay.craigslist.org/sfc/npo/d/customer-relations-specialist/6454756684.html,Customer Relations Specialist
https://sfbay.craigslist.org/sfc/npo/d/marketing-director-visual/6454718711.html,Marketing Director - Visual Media Alliance
https://sfbay.craigslist.org/sfc/npo/d/roving-senior-general-manager/6454045551.html,Roving Senior General Manager
https://sfbay.craigslist.org/sfc/npo/d/senior-general-manager-maria/6454044607.html,Senior General Manager- Maria Manor/BVT
https://sfbay.craigslist.org/sfc/npo/d/general-manager-klimm-sierra/6454043701.html,General Manager- Klimm/Sierra Madre
https://sfbay.craigslist.org/sfc/npo/d/youth-services-coordinator/6454027456.html,Youth Services Coordinator (Tenderloin Family Housing)
https://sfbay.craigslist.org/sfc/npo/d/hiv-care-navigator-gtz-san/6453972621.html,HIV Care Navigator - GTZ  ( San Francisco)
https://sfbay.craigslist.org/sfc/npo/d/development-director/6453951127.html,"Development Director Opportunity,  Stone Research Foundation"
https://sfbay.craigslist.org/sfc/npo/d/contact-specialist-gtz/6453832813.html,Contact Specialist - GTZ
https://sfbay.craigslist.org/sfc/npo/d/assistant-research/6453812599.html,Assistant Research Coordinator - SURU
https://sfbay.craigslist.org/sfc/npo/d/mental-health-therapist-lpha/6453785428.html,Mental Health Therapist/LPHA
https://sfbay.craigslist.org/sfc/npo/d/clinical-supervisor/6453645673.html,Clinical Supervisor
https://sfbay.craigslist.org/sfc/npo/d/communications-advocate/6453626350.html,Communications Advocate
https://sfbay.craigslist.org/sfc/npo/d/development-manager/6453620566.html,Development Manager
https://sfbay.craigslist.org/sfc/npo/d/immigrant-rights-program/6453618023.html,Immigrant Rights Program Manager
https://sfbay.craigslist.org/sfc/npo/d/caa-logo-branding-redesign/6453611757.html,CAA Logo Branding Redesign for 50th Anniversary Milestone
https://sfbay.craigslist.org/sfc/npo/d/community-office-case-manager/6453590576.html,Community Office Case Manager
https://sfbay.craigslist.org/sfc/npo/d/childrens-case-manager/6453583016.html,Children's Case Manager
https://sfbay.craigslist.org/sfc/npo/d/evening-weekend-case-manager/6453577634.html,Evening/weekend Case Manager
https://sfbay.craigslist.org/sfc/npo/d/case-manager-spanish-speaking/6453573430.html,Case Manager - Spanish speaking preferred.
https://sfbay.craigslist.org/sfc/npo/d/work-for-amnesty/6453571206.html,* ðŸ•¯ WORK for AMNESTY INTERNATIONAL! ðŸ•¯ * (Oakland)
